{
  "Packages": [
    {
      "Package": {
        "Id": "UiPath.ComplexScenarios.Activities",
        "Version": "1.0.2-beta.844296"
      },
      "Assemblies": [
        "C:\\Users\\bianca.dragu\\.nuget\\packages\\uipath.complexscenarios.activities/1.0.2-beta.844296\\lib/net461/UiPath.ComplexScenarios.Design.dll"
      ],
      "Path": "C:\\Users\\bianca.dragu\\.nuget\\packages\\uipath.complexscenarios.activities\\1.0.2-beta.844296"
    },
    {
      "Package": {
        "Id": "UiPath.Excel.Activities",
        "Version": "2.8.3-beta.848207"
      },
      "Assemblies": [
        "C:\\Users\\bianca.dragu\\.nuget\\packages\\closedxml/0.87.1\\lib/net40/ClosedXML.dll",
        "C:\\Users\\bianca.dragu\\.nuget\\packages\\csvhelper/2.13.5\\lib/net40-client/CsvHelper.dll",
        "C:\\Users\\bianca.dragu\\.nuget\\packages\\documentformat.openxml/2.5.0\\lib/DocumentFormat.OpenXml.dll",
        "C:\\Users\\bianca.dragu\\.nuget\\packages\\microsoft.visualstudio.ole.interop/7.10.6071\\lib/Microsoft.VisualStudio.OLE.Interop.dll",
        "C:\\Users\\bianca.dragu\\.nuget\\packages\\npoi/2.4.1\\lib/net45/NPOI.OOXML.dll",
        "C:\\Users\\bianca.dragu\\.nuget\\packages\\npoi/2.4.1\\lib/net45/NPOI.OpenXml4Net.dll",
        "C:\\Users\\bianca.dragu\\.nuget\\packages\\npoi/2.4.1\\lib/net45/NPOI.OpenXmlFormats.dll",
        "C:\\Users\\bianca.dragu\\.nuget\\packages\\npoi/2.4.1\\lib/net45/NPOI.dll",
        "C:\\Users\\bianca.dragu\\.nuget\\packages\\sharpziplib/1.0.0\\lib/net45/ICSharpCode.SharpZipLib.dll",
        "C:\\Users\\bianca.dragu\\.nuget\\packages\\uipath.excel.activities/2.8.3-beta.848207\\lib/net461/UiPath.Excel.Activities.Design.dll",
        "C:\\Users\\bianca.dragu\\.nuget\\packages\\uipath.excel.activities/2.8.3-beta.848207\\lib/net461/UiPath.Excel.Activities.dll",
        "C:\\Users\\bianca.dragu\\.nuget\\packages\\uipath.excel.activities/2.8.3-beta.848207\\lib/net461/UiPath.Excel.dll"
      ],
      "Path": "C:\\Users\\bianca.dragu\\.nuget\\packages\\uipath.excel.activities\\2.8.3-beta.848207"
    },
    {
      "Package": {
        "Id": "UiPath.Mail.Activities",
        "Version": "1.8.3-beta.847502"
      },
      "Assemblies": [
        "C:\\Users\\bianca.dragu\\.nuget\\packages\\bouncycastle/1.8.5\\lib/BouncyCastle.Crypto.dll",
        "C:\\Users\\bianca.dragu\\.nuget\\packages\\interop.domino.dll/1.0.0\\lib/Interop.Domino.dll",
        "C:\\Users\\bianca.dragu\\.nuget\\packages\\microsoft.exchange.webservices/2.2.0\\lib/40/Microsoft.Exchange.WebServices.Auth.dll",
        "C:\\Users\\bianca.dragu\\.nuget\\packages\\microsoft.exchange.webservices/2.2.0\\lib/40/Microsoft.Exchange.WebServices.dll",
        "C:\\Users\\bianca.dragu\\.nuget\\packages\\microsoft.office.interop.word/15.0.4797.1003\\lib/net20/Microsoft.Office.Interop.Word.dll",
        "C:\\Users\\bianca.dragu\\.nuget\\packages\\system.valuetuple/4.5.0\\lib/net461/System.ValueTuple.dll",
        "C:\\Users\\bianca.dragu\\.nuget\\packages\\uipath.mail.activities/1.8.3-beta.847502\\lib/net461/MailKit.dll",
        "C:\\Users\\bianca.dragu\\.nuget\\packages\\uipath.mail.activities/1.8.3-beta.847502\\lib/net461/MimeKit.dll",
        "C:\\Users\\bianca.dragu\\.nuget\\packages\\uipath.mail.activities/1.8.3-beta.847502\\lib/net461/UiPath.Mail.Activities.Design.dll",
        "C:\\Users\\bianca.dragu\\.nuget\\packages\\uipath.mail.activities/1.8.3-beta.847502\\lib/net461/UiPath.Mail.Activities.dll",
        "C:\\Users\\bianca.dragu\\.nuget\\packages\\uipath.mail.activities/1.8.3-beta.847502\\lib/net461/UiPath.Mail.dll"
      ],
      "Path": "C:\\Users\\bianca.dragu\\.nuget\\packages\\uipath.mail.activities\\1.8.3-beta.847502"
    },
    {
      "Package": {
        "Id": "UiPath.System.Activities",
        "Version": "20.4.0-beta.847926"
      },
      "Assemblies": [
        "C:\\Users\\bianca.dragu\\.nuget\\packages\\csvhelper/2.13.5\\lib/net40-client/CsvHelper.dll",
        "C:\\Users\\bianca.dragu\\.nuget\\packages\\microsoft.aspnet.signalr.client/2.4.0\\lib/net45/Microsoft.AspNet.SignalR.Client.dll",
        "C:\\Users\\bianca.dragu\\.nuget\\packages\\microsoft.rest.clientruntime/2.3.20\\lib/net461/Microsoft.Rest.ClientRuntime.dll",
        "C:\\Users\\bianca.dragu\\.nuget\\packages\\newtonsoft.json/12.0.3\\lib/net45/Newtonsoft.Json.dll",
        "C:\\Users\\bianca.dragu\\.nuget\\packages\\uipath.system.activities/20.4.0-beta.847926\\lib/net461/ActiproSoftware.Docking.Wpf.dll",
        "C:\\Users\\bianca.dragu\\.nuget\\packages\\uipath.system.activities/20.4.0-beta.847926\\lib/net461/ActiproSoftware.Ribbon.Wpf.dll",
        "C:\\Users\\bianca.dragu\\.nuget\\packages\\uipath.system.activities/20.4.0-beta.847926\\lib/net461/ActiproSoftware.Shared.Wpf.dll",
        "C:\\Users\\bianca.dragu\\.nuget\\packages\\uipath.system.activities/20.4.0-beta.847926\\lib/net461/ActiproSoftware.SyntaxEditor.Addons.DotNet.Wpf.dll",
        "C:\\Users\\bianca.dragu\\.nuget\\packages\\uipath.system.activities/20.4.0-beta.847926\\lib/net461/ActiproSoftware.SyntaxEditor.Wpf.dll",
        "C:\\Users\\bianca.dragu\\.nuget\\packages\\uipath.system.activities/20.4.0-beta.847926\\lib/net461/ActiproSoftware.Text.Addons.DotNet.Wpf.dll",
        "C:\\Users\\bianca.dragu\\.nuget\\packages\\uipath.system.activities/20.4.0-beta.847926\\lib/net461/ActiproSoftware.Text.LLParser.Wpf.dll",
        "C:\\Users\\bianca.dragu\\.nuget\\packages\\uipath.system.activities/20.4.0-beta.847926\\lib/net461/ActiproSoftware.Text.Wpf.dll",
        "C:\\Users\\bianca.dragu\\.nuget\\packages\\uipath.system.activities/20.4.0-beta.847926\\lib/net461/ActiproSoftware.Wizard.Wpf.dll",
        "C:\\Users\\bianca.dragu\\.nuget\\packages\\uipath.system.activities/20.4.0-beta.847926\\lib/net461/UiPath.OrchestratorClient.dll",
        "C:\\Users\\bianca.dragu\\.nuget\\packages\\uipath.system.activities/20.4.0-beta.847926\\lib/net461/UiPath.System.Activities.Design.dll",
        "C:\\Users\\bianca.dragu\\.nuget\\packages\\uipath.system.activities/20.4.0-beta.847926\\lib/net461/UiPath.System.Activities.dll"
      ],
      "Path": "C:\\Users\\bianca.dragu\\.nuget\\packages\\uipath.system.activities\\20.4.0-beta.847926"
    },
    {
      "Package": {
        "Id": "UiPath.UIAutomationNext.Activities",
        "Version": "20.4.0-beta.848233"
      },
      "Assemblies": [
        "C:\\Users\\bianca.dragu\\.nuget\\packages\\avalonedit/5.0.3\\lib/Net40/ICSharpCode.AvalonEdit.dll",
        "C:\\Users\\bianca.dragu\\.nuget\\packages\\extended.wpf.toolkit/2.8.0\\lib/net40/Xceed.Wpf.AvalonDock.Themes.Aero.dll",
        "C:\\Users\\bianca.dragu\\.nuget\\packages\\extended.wpf.toolkit/2.8.0\\lib/net40/Xceed.Wpf.AvalonDock.Themes.Metro.dll",
        "C:\\Users\\bianca.dragu\\.nuget\\packages\\extended.wpf.toolkit/2.8.0\\lib/net40/Xceed.Wpf.AvalonDock.Themes.VS2010.dll",
        "C:\\Users\\bianca.dragu\\.nuget\\packages\\extended.wpf.toolkit/2.8.0\\lib/net40/Xceed.Wpf.AvalonDock.dll",
        "C:\\Users\\bianca.dragu\\.nuget\\packages\\extended.wpf.toolkit/2.8.0\\lib/net40/Xceed.Wpf.DataGrid.dll",
        "C:\\Users\\bianca.dragu\\.nuget\\packages\\extended.wpf.toolkit/2.8.0\\lib/net40/Xceed.Wpf.Toolkit.dll",
        "C:\\Users\\bianca.dragu\\.nuget\\packages\\newtonsoft.json/12.0.3\\lib/net45/Newtonsoft.Json.dll",
        "C:\\Users\\bianca.dragu\\.nuget\\packages\\system.io.abstractions/3.0.10\\lib/net40/System.IO.Abstractions.dll",
        "C:\\Users\\bianca.dragu\\.nuget\\packages\\system.threading.tasks.dataflow/4.10.0\\lib/netstandard2.0/System.Threading.Tasks.Dataflow.dll",
        "C:\\Users\\bianca.dragu\\.nuget\\packages\\system.valuetuple/4.5.0\\lib/net461/System.ValueTuple.dll",
        "C:\\Users\\bianca.dragu\\.nuget\\packages\\uipath/20.4.7391.34509\\lib/UiPath.Interop.dll",
        "C:\\Users\\bianca.dragu\\.nuget\\packages\\uipath.ocr.contracts/2.6.0-beta.835380\\lib/net461/UiPath.OCR.Contracts.dll",
        "C:\\Users\\bianca.dragu\\.nuget\\packages\\uipath.omnipage.activities/1.5.0-beta.836095\\lib/net461/UiPath.OmniPage.Activities.Design.dll",
        "C:\\Users\\bianca.dragu\\.nuget\\packages\\uipath.omnipage.activities/1.5.0-beta.836095\\lib/net461/UiPath.OmniPage.Activities.dll",
        "C:\\Users\\bianca.dragu\\.nuget\\packages\\uipath.omnipage.activities/1.5.0-beta.836095\\lib/net461/UiPath.Vision.OmniPage.Core.dll",
        "C:\\Users\\bianca.dragu\\.nuget\\packages\\uipath.omnipage.activities/1.5.0-beta.836095\\lib/net461/UiPath.Vision.OmniPage.dll",
        "C:\\Users\\bianca.dragu\\.nuget\\packages\\uipath.omnipage.bundle/1.0.2\\lib/net452/AppHelper.dll",
        "C:\\Users\\bianca.dragu\\.nuget\\packages\\uipath.omnipage.bundle/1.0.2\\lib/net452/AppProductConfig.dll",
        "C:\\Users\\bianca.dragu\\.nuget\\packages\\uipath.omnipage.bundle/1.0.2\\lib/net452/AppUtils.dll",
        "C:\\Users\\bianca.dragu\\.nuget\\packages\\uipath.omnipage.bundle/1.0.2\\lib/net452/Bnt.dll",
        "C:\\Users\\bianca.dragu\\.nuget\\packages\\uipath.omnipage.bundle/1.0.2\\lib/net452/CRX.dll",
        "C:\\Users\\bianca.dragu\\.nuget\\packages\\uipath.omnipage.bundle/1.0.2\\lib/net452/Defaults.dll",
        "C:\\Users\\bianca.dragu\\.nuget\\packages\\uipath.omnipage.bundle/1.0.2\\lib/net452/FireWrx2.dll",
        "C:\\Users\\bianca.dragu\\.nuget\\packages\\uipath.omnipage.bundle/1.0.2\\lib/net452/FireWrx3.dll",
        "C:\\Users\\bianca.dragu\\.nuget\\packages\\uipath.omnipage.bundle/1.0.2\\lib/net452/FireWrx4.dll",
        "C:\\Users\\bianca.dragu\\.nuget\\packages\\uipath.omnipage.bundle/1.0.2\\lib/net452/FireWrx5.dll",
        "C:\\Users\\bianca.dragu\\.nuget\\packages\\uipath.omnipage.bundle/1.0.2\\lib/net452/FireWrx6.dll",
        "C:\\Users\\bianca.dragu\\.nuget\\packages\\uipath.omnipage.bundle/1.0.2\\lib/net452/Firewrx.dll",
        "C:\\Users\\bianca.dragu\\.nuget\\packages\\uipath.omnipage.bundle/1.0.2\\lib/net452/Formatter.dll",
        "C:\\Users\\bianca.dragu\\.nuget\\packages\\uipath.omnipage.bundle/1.0.2\\lib/net452/ICDLLW32.dll",
        "C:\\Users\\bianca.dragu\\.nuget\\packages\\uipath.omnipage.bundle/1.0.2\\lib/net452/ICHUNW32.dll",
        "C:\\Users\\bianca.dragu\\.nuget\\packages\\uipath.omnipage.bundle/1.0.2\\lib/net452/IF_PNG.dll",
        "C:\\Users\\bianca.dragu\\.nuget\\packages\\uipath.omnipage.bundle/1.0.2\\lib/net452/KernelAPI.dll",
        "C:\\Users\\bianca.dragu\\.nuget\\packages\\uipath.omnipage.bundle/1.0.2\\lib/net452/LEditor.dll",
        "C:\\Users\\bianca.dragu\\.nuget\\packages\\uipath.omnipage.bundle/1.0.2\\lib/net452/LecsoMgr.dll",
        "C:\\Users\\bianca.dragu\\.nuget\\packages\\uipath.omnipage.bundle/1.0.2\\lib/net452/MiddleEarth.dll",
        "C:\\Users\\bianca.dragu\\.nuget\\packages\\uipath.omnipage.bundle/1.0.2\\lib/net452/Mor.dll",
        "C:\\Users\\bianca.dragu\\.nuget\\packages\\uipath.omnipage.bundle/1.0.2\\lib/net452/Mor2.dll",
        "C:\\Users\\bianca.dragu\\.nuget\\packages\\uipath.omnipage.bundle/1.0.2\\lib/net452/Mor3.dll",
        "C:\\Users\\bianca.dragu\\.nuget\\packages\\uipath.omnipage.bundle/1.0.2\\lib/net452/Mor4.dll",
        "C:\\Users\\bianca.dragu\\.nuget\\packages\\uipath.omnipage.bundle/1.0.2\\lib/net452/Mor5.dll",
        "C:\\Users\\bianca.dragu\\.nuget\\packages\\uipath.omnipage.bundle/1.0.2\\lib/net452/Mor6.dll",
        "C:\\Users\\bianca.dragu\\.nuget\\packages\\uipath.omnipage.bundle/1.0.2\\lib/net452/MorIF.dll",
        "C:\\Users\\bianca.dragu\\.nuget\\packages\\uipath.omnipage.bundle/1.0.2\\lib/net452/Nuance.OmniPage.CSDK.ArgTypes.dll",
        "C:\\Users\\bianca.dragu\\.nuget\\packages\\uipath.omnipage.bundle/1.0.2\\lib/net452/Nuance.OmniPage.CSDK.CAPI.dll",
        "C:\\Users\\bianca.dragu\\.nuget\\packages\\uipath.omnipage.bundle/1.0.2\\lib/net452/Nuance.OmniPage.CSDK.Objects.dll",
        "C:\\Users\\bianca.dragu\\.nuget\\packages\\uipath.omnipage.bundle/1.0.2\\lib/net452/PreRendering.dll",
        "C:\\Users\\bianca.dragu\\.nuget\\packages\\uipath.omnipage.bundle/1.0.2\\lib/net452/RecAPIPlus.dll",
        "C:\\Users\\bianca.dragu\\.nuget\\packages\\uipath.omnipage.bundle/1.0.2\\lib/net452/RecDiag.dll",
        "C:\\Users\\bianca.dragu\\.nuget\\packages\\uipath.omnipage.bundle/1.0.2\\lib/net452/RecPDFNet.dll",
        "C:\\Users\\bianca.dragu\\.nuget\\packages\\uipath.omnipage.bundle/1.0.2\\lib/net452/Rendering.dll",
        "C:\\Users\\bianca.dragu\\.nuget\\packages\\uipath.omnipage.bundle/1.0.2\\lib/net452/Rendering2.dll",
        "C:\\Users\\bianca.dragu\\.nuget\\packages\\uipath.omnipage.bundle/1.0.2\\lib/net452/SPDFLib.dll",
        "C:\\Users\\bianca.dragu\\.nuget\\packages\\uipath.omnipage.bundle/1.0.2\\lib/net452/SkinnedClasses.dll",
        "C:\\Users\\bianca.dragu\\.nuget\\packages\\uipath.omnipage.bundle/1.0.2\\lib/net452/SkinnedWindows.dll",
        "C:\\Users\\bianca.dragu\\.nuget\\packages\\uipath.omnipage.bundle/1.0.2\\lib/net452/UiPath.OmniPage.Bundle.dll",
        "C:\\Users\\bianca.dragu\\.nuget\\packages\\uipath.omnipage.bundle/1.0.2\\lib/net452/atm2lll.dll",
        "C:\\Users\\bianca.dragu\\.nuget\\packages\\uipath.omnipage.bundle/1.0.2\\lib/net452/jp2k_kdu_apps_vnew.dll",
        "C:\\Users\\bianca.dragu\\.nuget\\packages\\uipath.omnipage.bundle/1.0.2\\lib/net452/kdu_vnewR.dll",
        "C:\\Users\\bianca.dragu\\.nuget\\packages\\uipath.omnipage.bundle/1.0.2\\lib/net452/msvcp140.dll",
        "C:\\Users\\bianca.dragu\\.nuget\\packages\\uipath.omnipage.bundle/1.0.2\\lib/net452/pccext.dll",
        "C:\\Users\\bianca.dragu\\.nuget\\packages\\uipath.omnipage.bundle/1.0.2\\lib/net452/pccext2.dll",
        "C:\\Users\\bianca.dragu\\.nuget\\packages\\uipath.omnipage.bundle/1.0.2\\lib/net452/pccext3.dll",
        "C:\\Users\\bianca.dragu\\.nuget\\packages\\uipath.omnipage.bundle/1.0.2\\lib/net452/pccext4.dll",
        "C:\\Users\\bianca.dragu\\.nuget\\packages\\uipath.omnipage.bundle/1.0.2\\lib/net452/pccext5.dll",
        "C:\\Users\\bianca.dragu\\.nuget\\packages\\uipath.omnipage.bundle/1.0.2\\lib/net452/pccext6.dll",
        "C:\\Users\\bianca.dragu\\.nuget\\packages\\uipath.omnipage.bundle/1.0.2\\lib/net452/rndsdawg.dll",
        "C:\\Users\\bianca.dragu\\.nuget\\packages\\uipath.omnipage.bundle/1.0.2\\lib/net452/rndsinso.dll",
        "C:\\Users\\bianca.dragu\\.nuget\\packages\\uipath.omnipage.bundle/1.0.2\\lib/net452/vcruntime140.dll",
        "C:\\Users\\bianca.dragu\\.nuget\\packages\\uipath.omnipage.bundle/1.0.2\\lib/net452/xocr.dll",
        "C:\\Users\\bianca.dragu\\.nuget\\packages\\uipath.omnipage.bundle/1.0.2\\lib/net452/xocr2.dll",
        "C:\\Users\\bianca.dragu\\.nuget\\packages\\uipath.omnipage.bundle/1.0.2\\lib/net452/xocr3.dll",
        "C:\\Users\\bianca.dragu\\.nuget\\packages\\uipath.omnipage.bundle/1.0.2\\lib/net452/xocr4.dll",
        "C:\\Users\\bianca.dragu\\.nuget\\packages\\uipath.omnipage.bundle/1.0.2\\lib/net452/xocr5.dll",
        "C:\\Users\\bianca.dragu\\.nuget\\packages\\uipath.omnipage.bundle/1.0.2\\lib/net452/xocr6.dll",
        "C:\\Users\\bianca.dragu\\.nuget\\packages\\uipath.platform/20.4.0-beta.844852\\lib/net461/UiPath.Platform.dll",
        "C:\\Users\\bianca.dragu\\.nuget\\packages\\uipath.telemetry.client/1.1.36\\lib/net461/TelemetryClient.dll",
        "C:\\Users\\bianca.dragu\\.nuget\\packages\\uipath.uiautomationnext.activities/20.4.0-beta.848233\\lib/net461/UiPath.Shared.Recorder.Localization.dll",
        "C:\\Users\\bianca.dragu\\.nuget\\packages\\uipath.uiautomationnext.activities/20.4.0-beta.848233\\lib/net461/UiPath.UIAutomationNext.Activities.Design.dll",
        "C:\\Users\\bianca.dragu\\.nuget\\packages\\uipath.uiautomationnext.activities/20.4.0-beta.848233\\lib/net461/UiPath.UIAutomationNext.Activities.dll",
        "C:\\Users\\bianca.dragu\\.nuget\\packages\\uipath.uiautomationnext.activities/20.4.0-beta.848233\\lib/net461/UiPath.UIAutomationNext.dll",
        "C:\\Users\\bianca.dragu\\.nuget\\packages\\uipath.vision/2.0.3-beta.835404\\lib/net461/UiPath.Vision.AzureComputerVision.dll",
        "C:\\Users\\bianca.dragu\\.nuget\\packages\\uipath.vision/2.0.3-beta.835404\\lib/net461/UiPath.Vision.Core.dll",
        "C:\\Users\\bianca.dragu\\.nuget\\packages\\uipath.vision/2.0.3-beta.835404\\lib/net461/UiPath.Vision.GoogleCloud.dll",
        "C:\\Users\\bianca.dragu\\.nuget\\packages\\uipath.vision/2.0.3-beta.835404\\lib/net461/UiPath.Vision.Microsoft.dll",
        "C:\\Users\\bianca.dragu\\.nuget\\packages\\uipath.vision/2.0.3-beta.835404\\lib/net461/UiPath.Vision.MicrosoftCloud.dll",
        "C:\\Users\\bianca.dragu\\.nuget\\packages\\uipath.vision/2.0.3-beta.835404\\lib/net461/UiPath.Vision.Tesseract.dll",
        "C:\\Users\\bianca.dragu\\.nuget\\packages\\uipath.vision/2.0.3-beta.835404\\lib/net461/UiPath.Vision.dll"
      ],
      "Path": "C:\\Users\\bianca.dragu\\.nuget\\packages\\uipath.uiautomationnext.activities\\20.4.0-beta.848233"
    },
    {
      "Package": {
        "Id": "UiPath.Word.Activities",
        "Version": "1.4.2-beta.847609"
      },
      "Assemblies": [
        "C:\\Users\\bianca.dragu\\.nuget\\packages\\docx/1.0.0.18\\lib/net40/DocX.dll",
        "C:\\Users\\bianca.dragu\\.nuget\\packages\\uipath.word.activities/1.4.2-beta.847609\\lib/net461/UiPath.Word.Activities.Design.dll",
        "C:\\Users\\bianca.dragu\\.nuget\\packages\\uipath.word.activities/1.4.2-beta.847609\\lib/net461/UiPath.Word.Activities.dll",
        "C:\\Users\\bianca.dragu\\.nuget\\packages\\uipath.word.activities/1.4.2-beta.847609\\lib/net461/UiPath.Word.dll"
      ],
      "Path": "C:\\Users\\bianca.dragu\\.nuget\\packages\\uipath.word.activities\\1.4.2-beta.847609"
    }
  ],
  "Conflicts": [],
  "ResolvedDependencies": {
    "AvalonEdit": {
      "Id": "AvalonEdit",
      "Version": "5.0.3",
      "Dependencies": []
    },
    "BouncyCastle": {
      "Id": "BouncyCastle",
      "Version": "1.8.5",
      "Dependencies": []
    },
    "ClosedXML": {
      "Id": "ClosedXML",
      "Version": "0.87.1",
      "Dependencies": [
        {
          "Item1": "DocumentFormat.OpenXml",
          "Item2": "[2.5.0, )"
        }
      ]
    },
    "CsvHelper": {
      "Id": "CsvHelper",
      "Version": "2.13.5",
      "Dependencies": []
    },
    "DocumentFormat.OpenXml": {
      "Id": "DocumentFormat.OpenXml",
      "Version": "2.5.0",
      "Dependencies": []
    },
    "DocX": {
      "Id": "DocX",
      "Version": "1.0.0.18",
      "Dependencies": []
    },
    "Extended.Wpf.Toolkit": {
      "Id": "Extended.Wpf.Toolkit",
      "Version": "2.8.0",
      "Dependencies": []
    },
    "interop.domino.dll": {
      "Id": "interop.domino.dll",
      "Version": "1.0.0",
      "Dependencies": []
    },
    "Microsoft.AspNet.SignalR.Client": {
      "Id": "Microsoft.AspNet.SignalR.Client",
      "Version": "2.4.0",
      "Dependencies": [
        {
          "Item1": "Newtonsoft.Json",
          "Item2": "[6.0.4, )"
        }
      ]
    },
    "Microsoft.Exchange.WebServices": {
      "Id": "Microsoft.Exchange.WebServices",
      "Version": "2.2.0",
      "Dependencies": []
    },
    "Microsoft.Office.Interop.Word": {
      "Id": "Microsoft.Office.Interop.Word",
      "Version": "15.0.4797.1003",
      "Dependencies": []
    },
    "Microsoft.Rest.ClientRuntime": {
      "Id": "Microsoft.Rest.ClientRuntime",
      "Version": "2.3.20",
      "Dependencies": [
        {
          "Item1": "Newtonsoft.Json",
          "Item2": "[10.0.3, )"
        }
      ]
    },
    "Microsoft.VisualStudio.OLE.Interop": {
      "Id": "Microsoft.VisualStudio.OLE.Interop",
      "Version": "7.10.6071",
      "Dependencies": []
    },
    "Newtonsoft.Json": {
      "Id": "Newtonsoft.Json",
      "Version": "12.0.3",
      "Dependencies": []
    },
    "NPOI": {
      "Id": "NPOI",
      "Version": "2.4.1",
      "Dependencies": [
        {
          "Item1": "SharpZipLib",
          "Item2": "[1.0.0, )"
        }
      ]
    },
    "SharpZipLib": {
      "Id": "SharpZipLib",
      "Version": "1.0.0",
      "Dependencies": []
    },
    "System.IO.Abstractions": {
      "Id": "System.IO.Abstractions",
      "Version": "3.0.10",
      "Dependencies": []
    },
    "System.Threading.Tasks.Dataflow": {
      "Id": "System.Threading.Tasks.Dataflow",
      "Version": "4.10.0",
      "Dependencies": []
    },
    "System.ValueTuple": {
      "Id": "System.ValueTuple",
      "Version": "4.5.0",
      "Dependencies": []
    },
    "UiPath": {
      "Id": "UiPath",
      "Version": "20.4.7391.34509",
      "Dependencies": []
    },
    "UiPath.ComplexScenarios.Activities": {
      "Id": "UiPath.ComplexScenarios.Activities",
      "Version": "1.0.2-beta.844296",
      "Dependencies": []
    },
    "UiPath.Excel.Activities": {
      "Id": "UiPath.Excel.Activities",
      "Version": "2.8.3-beta.848207",
      "Dependencies": [
        {
          "Item1": "ClosedXML",
          "Item2": "[0.87.1, )"
        },
        {
          "Item1": "CsvHelper",
          "Item2": "[2.13.5, )"
        },
        {
          "Item1": "DocumentFormat.OpenXml",
          "Item2": "[2.5.0, )"
        },
        {
          "Item1": "Microsoft.VisualStudio.OLE.Interop",
          "Item2": "[7.10.6071, )"
        },
        {
          "Item1": "NPOI",
          "Item2": "[2.4.1, )"
        },
        {
          "Item1": "SharpZipLib",
          "Item2": "[1.0.0, )"
        }
      ]
    },
    "UiPath.Mail.Activities": {
      "Id": "UiPath.Mail.Activities",
      "Version": "1.8.3-beta.847502",
      "Dependencies": [
        {
          "Item1": "System.ValueTuple",
          "Item2": "[4.5.0, )"
        },
        {
          "Item1": "Microsoft.Exchange.WebServices",
          "Item2": "[2.2.0, )"
        },
        {
          "Item1": "BouncyCastle",
          "Item2": "[1.8.5, )"
        },
        {
          "Item1": "interop.domino.dll",
          "Item2": "[1.0.0, )"
        },
        {
          "Item1": "Microsoft.Office.Interop.Word",
          "Item2": "[15.0.4797.1003, )"
        }
      ]
    },
    "UiPath.OCR.Contracts": {
      "Id": "UiPath.OCR.Contracts",
      "Version": "2.6.0-beta.835380",
      "Dependencies": []
    },
    "UiPath.OmniPage.Activities": {
      "Id": "UiPath.OmniPage.Activities",
      "Version": "1.5.0-beta.836095",
      "Dependencies": [
        {
          "Item1": "UiPath.OCR.Contracts",
          "Item2": "[2.6.0-beta, )"
        },
        {
          "Item1": "UiPath.OmniPage.Bundle",
          "Item2": "[1.0.2, )"
        },
        {
          "Item1": "Newtonsoft.Json",
          "Item2": "[12.0.3, )"
        }
      ]
    },
    "UiPath.OmniPage.Bundle": {
      "Id": "UiPath.OmniPage.Bundle",
      "Version": "1.0.2",
      "Dependencies": []
    },
    "UiPath.Platform": {
      "Id": "UiPath.Platform",
      "Version": "20.4.0-beta.844852",
      "Dependencies": [
        {
          "Item1": "Newtonsoft.Json",
          "Item2": "[12.0.3, )"
        },
        {
          "Item1": "System.IO.Abstractions",
          "Item2": "[3.0.10, )"
        },
        {
          "Item1": "System.ValueTuple",
          "Item2": "[4.5.0, )"
        }
      ]
    },
    "UiPath.System.Activities": {
      "Id": "UiPath.System.Activities",
      "Version": "20.4.0-beta.847926",
      "Dependencies": [
        {
          "Item1": "CsvHelper",
          "Item2": "[2.13.5, )"
        },
        {
          "Item1": "Microsoft.AspNet.SignalR.Client",
          "Item2": "[2.4.0, )"
        },
        {
          "Item1": "Microsoft.Rest.ClientRuntime",
          "Item2": "[2.3.20, )"
        },
        {
          "Item1": "Newtonsoft.Json",
          "Item2": "[12.0.3, )"
        }
      ]
    },
    "UiPath.Telemetry.Client": {
      "Id": "UiPath.Telemetry.Client",
      "Version": "1.1.36",
      "Dependencies": [
        {
          "Item1": "Newtonsoft.Json",
          "Item2": "[11.0.1, )"
        },
        {
          "Item1": "System.Threading.Tasks.Dataflow",
          "Item2": "[4.10.0, )"
        }
      ]
    },
    "UiPath.UIAutomationNext.Activities": {
      "Id": "UiPath.UIAutomationNext.Activities",
      "Version": "20.4.0-beta.848233",
      "Dependencies": [
        {
          "Item1": "UiPath",
          "Item2": "[20.4.7391.34509, 20.4.7391.34509]"
        },
        {
          "Item1": "UiPath.OmniPage.Activities",
          "Item2": "[1.5.0-beta, )"
        },
        {
          "Item1": "UiPath.Platform",
          "Item2": "[20.4.0-beta.844852, )"
        },
        {
          "Item1": "UiPath.Vision",
          "Item2": "[2.0.3-beta, )"
        },
        {
          "Item1": "AvalonEdit",
          "Item2": "[5.0.3, )"
        },
        {
          "Item1": "Extended.Wpf.Toolkit",
          "Item2": "[2.8.0, )"
        },
        {
          "Item1": "Newtonsoft.Json",
          "Item2": "[12.0.3, )"
        },
        {
          "Item1": "System.IO.Abstractions",
          "Item2": "[3.0.10, )"
        },
        {
          "Item1": "System.ValueTuple",
          "Item2": "[4.5.0, )"
        },
        {
          "Item1": "UiPath.Telemetry.Client",
          "Item2": "[1.1.36, )"
        }
      ]
    },
    "UiPath.Vision": {
      "Id": "UiPath.Vision",
      "Version": "2.0.3-beta.835404",
      "Dependencies": [
        {
          "Item1": "UiPath.OCR.Contracts",
          "Item2": "[2.6.0-beta, )"
        }
      ]
    },
    "UiPath.Word.Activities": {
      "Id": "UiPath.Word.Activities",
      "Version": "1.4.2-beta.847609",
      "Dependencies": [
        {
          "Item1": "DocX",
          "Item2": "[1.0.0.18, )"
        }
      ]
    }
  },
  "AllPackages": [
    {
      "Package": {
        "Id": "AvalonEdit",
        "Version": "5.0.3"
      },
      "Assemblies": [
        "C:\\Users\\bianca.dragu\\.nuget\\packages\\avalonedit\\5.0.3\\lib\\Net40\\ICSharpCode.AvalonEdit.dll"
      ],
      "Path": "C:\\Users\\bianca.dragu\\.nuget\\packages\\avalonedit\\5.0.3"
    },
    {
      "Package": {
        "Id": "BouncyCastle",
        "Version": "1.8.5"
      },
      "Assemblies": [
        "C:\\Users\\bianca.dragu\\.nuget\\packages\\bouncycastle\\1.8.5\\lib\\BouncyCastle.Crypto.dll"
      ],
      "Path": "C:\\Users\\bianca.dragu\\.nuget\\packages\\bouncycastle\\1.8.5"
    },
    {
      "Package": {
        "Id": "ClosedXML",
        "Version": "0.87.1"
      },
      "Assemblies": [
        "C:\\Users\\bianca.dragu\\.nuget\\packages\\closedxml\\0.87.1\\lib\\net40\\ClosedXML.dll"
      ],
      "Path": "C:\\Users\\bianca.dragu\\.nuget\\packages\\closedxml\\0.87.1"
    },
    {
      "Package": {
        "Id": "CsvHelper",
        "Version": "2.13.5"
      },
      "Assemblies": [
        "C:\\Users\\bianca.dragu\\.nuget\\packages\\csvhelper\\2.13.5\\lib\\net40-client\\CsvHelper.dll"
      ],
      "Path": "C:\\Users\\bianca.dragu\\.nuget\\packages\\csvhelper\\2.13.5"
    },
    {
      "Package": {
        "Id": "DocumentFormat.OpenXml",
        "Version": "2.5.0"
      },
      "Assemblies": [
        "C:\\Users\\bianca.dragu\\.nuget\\packages\\documentformat.openxml\\2.5.0\\lib\\DocumentFormat.OpenXml.dll"
      ],
      "Path": "C:\\Users\\bianca.dragu\\.nuget\\packages\\documentformat.openxml\\2.5.0"
    },
    {
      "Package": {
        "Id": "DocX",
        "Version": "1.0.0.18"
      },
      "Assemblies": [
        "C:\\Users\\bianca.dragu\\.nuget\\packages\\docx\\1.0.0.18\\lib\\net40\\DocX.dll"
      ],
      "Path": "C:\\Users\\bianca.dragu\\.nuget\\packages\\docx\\1.0.0.18"
    },
    {
      "Package": {
        "Id": "Extended.Wpf.Toolkit",
        "Version": "2.8.0"
      },
      "Assemblies": [
        "C:\\Users\\bianca.dragu\\.nuget\\packages\\extended.wpf.toolkit\\2.8.0\\lib\\net40\\Xceed.Wpf.AvalonDock.Themes.Aero.dll",
        "C:\\Users\\bianca.dragu\\.nuget\\packages\\extended.wpf.toolkit\\2.8.0\\lib\\net40\\Xceed.Wpf.AvalonDock.Themes.Metro.dll",
        "C:\\Users\\bianca.dragu\\.nuget\\packages\\extended.wpf.toolkit\\2.8.0\\lib\\net40\\Xceed.Wpf.AvalonDock.Themes.VS2010.dll",
        "C:\\Users\\bianca.dragu\\.nuget\\packages\\extended.wpf.toolkit\\2.8.0\\lib\\net40\\Xceed.Wpf.AvalonDock.dll",
        "C:\\Users\\bianca.dragu\\.nuget\\packages\\extended.wpf.toolkit\\2.8.0\\lib\\net40\\Xceed.Wpf.DataGrid.dll",
        "C:\\Users\\bianca.dragu\\.nuget\\packages\\extended.wpf.toolkit\\2.8.0\\lib\\net40\\Xceed.Wpf.Toolkit.dll"
      ],
      "Path": "C:\\Users\\bianca.dragu\\.nuget\\packages\\extended.wpf.toolkit\\2.8.0"
    },
    {
      "Package": {
        "Id": "interop.domino.dll",
        "Version": "1.0.0"
      },
      "Assemblies": [
        "C:\\Users\\bianca.dragu\\.nuget\\packages\\interop.domino.dll\\1.0.0\\lib\\Interop.Domino.dll"
      ],
      "Path": "C:\\Users\\bianca.dragu\\.nuget\\packages\\interop.domino.dll\\1.0.0"
    },
    {
      "Package": {
        "Id": "Microsoft.AspNet.SignalR.Client",
        "Version": "2.4.0"
      },
      "Assemblies": [
        "C:\\Users\\bianca.dragu\\.nuget\\packages\\microsoft.aspnet.signalr.client\\2.4.0\\lib\\net45\\Microsoft.AspNet.SignalR.Client.dll"
      ],
      "Path": "C:\\Users\\bianca.dragu\\.nuget\\packages\\microsoft.aspnet.signalr.client\\2.4.0"
    },
    {
      "Package": {
        "Id": "Microsoft.Exchange.WebServices",
        "Version": "2.2.0"
      },
      "Assemblies": [
        "C:\\Users\\bianca.dragu\\.nuget\\packages\\microsoft.exchange.webservices\\2.2.0\\lib\\40\\Microsoft.Exchange.WebServices.Auth.dll",
        "C:\\Users\\bianca.dragu\\.nuget\\packages\\microsoft.exchange.webservices\\2.2.0\\lib\\40\\Microsoft.Exchange.WebServices.dll"
      ],
      "Path": "C:\\Users\\bianca.dragu\\.nuget\\packages\\microsoft.exchange.webservices\\2.2.0"
    },
    {
      "Package": {
        "Id": "Microsoft.Office.Interop.Word",
        "Version": "15.0.4797.1003"
      },
      "Assemblies": [
        "C:\\Users\\bianca.dragu\\.nuget\\packages\\microsoft.office.interop.word\\15.0.4797.1003\\lib\\net20\\Microsoft.Office.Interop.Word.dll"
      ],
      "Path": "C:\\Users\\bianca.dragu\\.nuget\\packages\\microsoft.office.interop.word\\15.0.4797.1003"
    },
    {
      "Package": {
        "Id": "Microsoft.Rest.ClientRuntime",
        "Version": "2.3.20"
      },
      "Assemblies": [
        "C:\\Users\\bianca.dragu\\.nuget\\packages\\microsoft.rest.clientruntime\\2.3.20\\lib\\net461\\Microsoft.Rest.ClientRuntime.dll"
      ],
      "Path": "C:\\Users\\bianca.dragu\\.nuget\\packages\\microsoft.rest.clientruntime\\2.3.20"
    },
    {
      "Package": {
        "Id": "Microsoft.VisualStudio.OLE.Interop",
        "Version": "7.10.6071"
      },
      "Assemblies": [
        "C:\\Users\\bianca.dragu\\.nuget\\packages\\microsoft.visualstudio.ole.interop\\7.10.6071\\lib\\Microsoft.VisualStudio.OLE.Interop.dll"
      ],
      "Path": "C:\\Users\\bianca.dragu\\.nuget\\packages\\microsoft.visualstudio.ole.interop\\7.10.6071"
    },
    {
      "Package": {
        "Id": "Newtonsoft.Json",
        "Version": "12.0.3"
      },
      "Assemblies": [
        "C:\\Users\\bianca.dragu\\.nuget\\packages\\newtonsoft.json\\12.0.3\\lib\\net45\\Newtonsoft.Json.dll"
      ],
      "Path": "C:\\Users\\bianca.dragu\\.nuget\\packages\\newtonsoft.json\\12.0.3"
    },
    {
      "Package": {
        "Id": "NPOI",
        "Version": "2.4.1"
      },
      "Assemblies": [
        "C:\\Users\\bianca.dragu\\.nuget\\packages\\npoi\\2.4.1\\lib\\net45\\NPOI.OOXML.dll",
        "C:\\Users\\bianca.dragu\\.nuget\\packages\\npoi\\2.4.1\\lib\\net45\\NPOI.OpenXml4Net.dll",
        "C:\\Users\\bianca.dragu\\.nuget\\packages\\npoi\\2.4.1\\lib\\net45\\NPOI.OpenXmlFormats.dll",
        "C:\\Users\\bianca.dragu\\.nuget\\packages\\npoi\\2.4.1\\lib\\net45\\NPOI.dll"
      ],
      "Path": "C:\\Users\\bianca.dragu\\.nuget\\packages\\npoi\\2.4.1"
    },
    {
      "Package": {
        "Id": "SharpZipLib",
        "Version": "1.0.0"
      },
      "Assemblies": [
        "C:\\Users\\bianca.dragu\\.nuget\\packages\\sharpziplib\\1.0.0\\lib\\net45\\ICSharpCode.SharpZipLib.dll"
      ],
      "Path": "C:\\Users\\bianca.dragu\\.nuget\\packages\\sharpziplib\\1.0.0"
    },
    {
      "Package": {
        "Id": "System.IO.Abstractions",
        "Version": "3.0.10"
      },
      "Assemblies": [
        "C:\\Users\\bianca.dragu\\.nuget\\packages\\system.io.abstractions\\3.0.10\\lib\\net40\\System.IO.Abstractions.dll"
      ],
      "Path": "C:\\Users\\bianca.dragu\\.nuget\\packages\\system.io.abstractions\\3.0.10"
    },
    {
      "Package": {
        "Id": "System.Threading.Tasks.Dataflow",
        "Version": "4.10.0"
      },
      "Assemblies": [
        "C:\\Users\\bianca.dragu\\.nuget\\packages\\system.threading.tasks.dataflow\\4.10.0\\lib\\netstandard2.0\\System.Threading.Tasks.Dataflow.dll"
      ],
      "Path": "C:\\Users\\bianca.dragu\\.nuget\\packages\\system.threading.tasks.dataflow\\4.10.0"
    },
    {
      "Package": {
        "Id": "System.ValueTuple",
        "Version": "4.5.0"
      },
      "Assemblies": [
        "C:\\Users\\bianca.dragu\\.nuget\\packages\\system.valuetuple\\4.5.0\\lib\\net461\\System.ValueTuple.dll"
      ],
      "Path": "C:\\Users\\bianca.dragu\\.nuget\\packages\\system.valuetuple\\4.5.0"
    },
    {
      "Package": {
        "Id": "UiPath",
        "Version": "20.4.7391.34509"
      },
      "Assemblies": [
        "C:\\Users\\bianca.dragu\\.nuget\\packages\\uipath\\20.4.7391.34509\\lib\\UiPath.Interop.dll"
      ],
      "Path": "C:\\Users\\bianca.dragu\\.nuget\\packages\\uipath\\20.4.7391.34509"
    },
    {
      "Package": {
        "Id": "UiPath.ComplexScenarios.Activities",
        "Version": "1.0.2-beta.844296"
      },
      "Assemblies": [
        "C:\\Users\\bianca.dragu\\.nuget\\packages\\uipath.complexscenarios.activities\\1.0.2-beta.844296\\lib\\net461\\UiPath.ComplexScenarios.Design.dll"
      ],
      "Path": "C:\\Users\\bianca.dragu\\.nuget\\packages\\uipath.complexscenarios.activities\\1.0.2-beta.844296"
    },
    {
      "Package": {
        "Id": "UiPath.Excel.Activities",
        "Version": "2.8.3-beta.848207"
      },
      "Assemblies": [
        "C:\\Users\\bianca.dragu\\.nuget\\packages\\uipath.excel.activities\\2.8.3-beta.848207\\lib\\net461\\UiPath.Excel.Activities.Design.dll",
        "C:\\Users\\bianca.dragu\\.nuget\\packages\\uipath.excel.activities\\2.8.3-beta.848207\\lib\\net461\\UiPath.Excel.Activities.dll",
        "C:\\Users\\bianca.dragu\\.nuget\\packages\\uipath.excel.activities\\2.8.3-beta.848207\\lib\\net461\\UiPath.Excel.dll"
      ],
      "Path": "C:\\Users\\bianca.dragu\\.nuget\\packages\\uipath.excel.activities\\2.8.3-beta.848207"
    },
    {
      "Package": {
        "Id": "UiPath.Mail.Activities",
        "Version": "1.8.3-beta.847502"
      },
      "Assemblies": [
        "C:\\Users\\bianca.dragu\\.nuget\\packages\\uipath.mail.activities\\1.8.3-beta.847502\\lib\\net461\\MailKit.dll",
        "C:\\Users\\bianca.dragu\\.nuget\\packages\\uipath.mail.activities\\1.8.3-beta.847502\\lib\\net461\\MimeKit.dll",
        "C:\\Users\\bianca.dragu\\.nuget\\packages\\uipath.mail.activities\\1.8.3-beta.847502\\lib\\net461\\UiPath.Mail.Activities.Design.dll",
        "C:\\Users\\bianca.dragu\\.nuget\\packages\\uipath.mail.activities\\1.8.3-beta.847502\\lib\\net461\\UiPath.Mail.Activities.dll",
        "C:\\Users\\bianca.dragu\\.nuget\\packages\\uipath.mail.activities\\1.8.3-beta.847502\\lib\\net461\\UiPath.Mail.dll"
      ],
      "Path": "C:\\Users\\bianca.dragu\\.nuget\\packages\\uipath.mail.activities\\1.8.3-beta.847502"
    },
    {
      "Package": {
        "Id": "UiPath.OCR.Contracts",
        "Version": "2.6.0-beta.835380"
      },
      "Assemblies": [
        "C:\\Users\\bianca.dragu\\.nuget\\packages\\uipath.ocr.contracts\\2.6.0-beta.835380\\lib\\net461\\UiPath.OCR.Contracts.dll"
      ],
      "Path": "C:\\Users\\bianca.dragu\\.nuget\\packages\\uipath.ocr.contracts\\2.6.0-beta.835380"
    },
    {
      "Package": {
        "Id": "UiPath.OmniPage.Activities",
        "Version": "1.5.0-beta.836095"
      },
      "Assemblies": [
        "C:\\Users\\bianca.dragu\\.nuget\\packages\\uipath.omnipage.activities\\1.5.0-beta.836095\\lib\\net461\\UiPath.OmniPage.Activities.Design.dll",
        "C:\\Users\\bianca.dragu\\.nuget\\packages\\uipath.omnipage.activities\\1.5.0-beta.836095\\lib\\net461\\UiPath.OmniPage.Activities.dll",
        "C:\\Users\\bianca.dragu\\.nuget\\packages\\uipath.omnipage.activities\\1.5.0-beta.836095\\lib\\net461\\UiPath.OmniPage.Host32.exe",
        "C:\\Users\\bianca.dragu\\.nuget\\packages\\uipath.omnipage.activities\\1.5.0-beta.836095\\lib\\net461\\UiPath.Vision.OmniPage.Core.dll",
        "C:\\Users\\bianca.dragu\\.nuget\\packages\\uipath.omnipage.activities\\1.5.0-beta.836095\\lib\\net461\\UiPath.Vision.OmniPage.dll"
      ],
      "Path": "C:\\Users\\bianca.dragu\\.nuget\\packages\\uipath.omnipage.activities\\1.5.0-beta.836095"
    },
    {
      "Package": {
        "Id": "UiPath.OmniPage.Bundle",
        "Version": "1.0.2"
      },
      "Assemblies": [
        "C:\\Users\\bianca.dragu\\.nuget\\packages\\uipath.omnipage.bundle\\1.0.2\\lib\\net452\\Nuance.OmniPage.CSDK.ArgTypes.dll",
        "C:\\Users\\bianca.dragu\\.nuget\\packages\\uipath.omnipage.bundle\\1.0.2\\lib\\net452\\Nuance.OmniPage.CSDK.CAPI.dll",
        "C:\\Users\\bianca.dragu\\.nuget\\packages\\uipath.omnipage.bundle\\1.0.2\\lib\\net452\\Nuance.OmniPage.CSDK.Objects.dll"
      ],
      "Path": "C:\\Users\\bianca.dragu\\.nuget\\packages\\uipath.omnipage.bundle\\1.0.2"
    },
    {
      "Package": {
        "Id": "UiPath.Platform",
        "Version": "20.4.0-beta.844852"
      },
      "Assemblies": [
        "C:\\Users\\bianca.dragu\\.nuget\\packages\\uipath.platform\\20.4.0-beta.844852\\lib\\net461\\UiPath.Platform.dll"
      ],
      "Path": "C:\\Users\\bianca.dragu\\.nuget\\packages\\uipath.platform\\20.4.0-beta.844852"
    },
    {
      "Package": {
        "Id": "UiPath.System.Activities",
        "Version": "20.4.0-beta.847926"
      },
      "Assemblies": [
        "C:\\Users\\bianca.dragu\\.nuget\\packages\\uipath.system.activities\\20.4.0-beta.847926\\lib\\net461\\ActiproSoftware.Docking.Wpf.dll",
        "C:\\Users\\bianca.dragu\\.nuget\\packages\\uipath.system.activities\\20.4.0-beta.847926\\lib\\net461\\ActiproSoftware.Ribbon.Wpf.dll",
        "C:\\Users\\bianca.dragu\\.nuget\\packages\\uipath.system.activities\\20.4.0-beta.847926\\lib\\net461\\ActiproSoftware.Shared.Wpf.dll",
        "C:\\Users\\bianca.dragu\\.nuget\\packages\\uipath.system.activities\\20.4.0-beta.847926\\lib\\net461\\ActiproSoftware.SyntaxEditor.Addons.DotNet.Wpf.dll",
        "C:\\Users\\bianca.dragu\\.nuget\\packages\\uipath.system.activities\\20.4.0-beta.847926\\lib\\net461\\ActiproSoftware.SyntaxEditor.Wpf.dll",
        "C:\\Users\\bianca.dragu\\.nuget\\packages\\uipath.system.activities\\20.4.0-beta.847926\\lib\\net461\\ActiproSoftware.Text.Addons.DotNet.Wpf.dll",
        "C:\\Users\\bianca.dragu\\.nuget\\packages\\uipath.system.activities\\20.4.0-beta.847926\\lib\\net461\\ActiproSoftware.Text.LLParser.Wpf.dll",
        "C:\\Users\\bianca.dragu\\.nuget\\packages\\uipath.system.activities\\20.4.0-beta.847926\\lib\\net461\\ActiproSoftware.Text.Wpf.dll",
        "C:\\Users\\bianca.dragu\\.nuget\\packages\\uipath.system.activities\\20.4.0-beta.847926\\lib\\net461\\ActiproSoftware.Wizard.Wpf.dll",
        "C:\\Users\\bianca.dragu\\.nuget\\packages\\uipath.system.activities\\20.4.0-beta.847926\\lib\\net461\\CustomInputForm.exe",
        "C:\\Users\\bianca.dragu\\.nuget\\packages\\uipath.system.activities\\20.4.0-beta.847926\\lib\\net461\\UiPath.OrchestratorClient.dll",
        "C:\\Users\\bianca.dragu\\.nuget\\packages\\uipath.system.activities\\20.4.0-beta.847926\\lib\\net461\\UiPath.System.Activities.Design.dll",
        "C:\\Users\\bianca.dragu\\.nuget\\packages\\uipath.system.activities\\20.4.0-beta.847926\\lib\\net461\\UiPath.System.Activities.dll"
      ],
      "Path": "C:\\Users\\bianca.dragu\\.nuget\\packages\\uipath.system.activities\\20.4.0-beta.847926"
    },
    {
      "Package": {
        "Id": "UiPath.Telemetry.Client",
        "Version": "1.1.36"
      },
      "Assemblies": [
        "C:\\Users\\bianca.dragu\\.nuget\\packages\\uipath.telemetry.client\\1.1.36\\lib\\net461\\TelemetryClient.dll"
      ],
      "Path": "C:\\Users\\bianca.dragu\\.nuget\\packages\\uipath.telemetry.client\\1.1.36"
    },
    {
      "Package": {
        "Id": "UiPath.UIAutomationNext.Activities",
        "Version": "20.4.0-beta.848233"
      },
      "Assemblies": [
        "C:\\Users\\bianca.dragu\\.nuget\\packages\\uipath.uiautomationnext.activities\\20.4.0-beta.848233\\lib\\net461\\UiPath.Shared.Recorder.Localization.dll",
        "C:\\Users\\bianca.dragu\\.nuget\\packages\\uipath.uiautomationnext.activities\\20.4.0-beta.848233\\lib\\net461\\UiPath.UIAutomationNext.Activities.Design.dll",
        "C:\\Users\\bianca.dragu\\.nuget\\packages\\uipath.uiautomationnext.activities\\20.4.0-beta.848233\\lib\\net461\\UiPath.UIAutomationNext.Activities.dll",
        "C:\\Users\\bianca.dragu\\.nuget\\packages\\uipath.uiautomationnext.activities\\20.4.0-beta.848233\\lib\\net461\\UiPath.UIAutomationNext.dll"
      ],
      "Path": "C:\\Users\\bianca.dragu\\.nuget\\packages\\uipath.uiautomationnext.activities\\20.4.0-beta.848233"
    },
    {
      "Package": {
        "Id": "UiPath.Vision",
        "Version": "2.0.3-beta.835404"
      },
      "Assemblies": [
        "C:\\Users\\bianca.dragu\\.nuget\\packages\\uipath.vision\\2.0.3-beta.835404\\lib\\net461\\UiPath.Vision.Core.dll",
        "C:\\Users\\bianca.dragu\\.nuget\\packages\\uipath.vision\\2.0.3-beta.835404\\lib\\net461\\UiPath.Vision.dll"
      ],
      "Path": "C:\\Users\\bianca.dragu\\.nuget\\packages\\uipath.vision\\2.0.3-beta.835404"
    },
    {
      "Package": {
        "Id": "UiPath.Word.Activities",
        "Version": "1.4.2-beta.847609"
      },
      "Assemblies": [
        "C:\\Users\\bianca.dragu\\.nuget\\packages\\uipath.word.activities\\1.4.2-beta.847609\\lib\\net461\\UiPath.Word.Activities.Design.dll",
        "C:\\Users\\bianca.dragu\\.nuget\\packages\\uipath.word.activities\\1.4.2-beta.847609\\lib\\net461\\UiPath.Word.Activities.dll",
        "C:\\Users\\bianca.dragu\\.nuget\\packages\\uipath.word.activities\\1.4.2-beta.847609\\lib\\net461\\UiPath.Word.dll"
      ],
      "Path": "C:\\Users\\bianca.dragu\\.nuget\\packages\\uipath.word.activities\\1.4.2-beta.847609"
    }
  ]
}