{
  "UiPath.UIAutomationNext.Activities.Selection.AutoApply": "False",
  "UiPath.UIAutomationNext.Activities.Selection.ChangeAnchor": "False",
  "UiPath.UIAutomationNext.Activities.Selection.AddAnchor": "True",
  "UiPath.UIAutomationNext.Activities.Selection.ShowConfirmCancel": "True",
  "UiPath.UIAutomationNext.Activities.Recorder.Recorder": "False",
  "UiPath.UIAutomationNext.Activities.Recorder.ConfirmRecorderStep": "False",
  "UiPath.UIAutomationNext.Activities.Generic.DelayAfter": "0.3",
  "UiPath.UIAutomationNext.Activities.Generic.DelayBefore": "0.2",
  "UiPath.UIAutomationNext.Activities.Generic.Timeout": "30",
  "UiPath.UIAutomationNext.Activities.SearchStepsWeb.FullSelector": "False",
  "UiPath.UIAutomationNext.Activities.SearchStepsWeb.FuzzySelector": "True",
  "UiPath.UIAutomationNext.Activities.SearchStepsWeb.Image": "True",
  "UiPath.UIAutomationNext.Activities.SearchStepsWeb.AutoAnchor": "True",
  "UiPath.UIAutomationNext.Activities.SearchStepsWeb.Anchors": "True",
  "UiPath.UIAutomationNext.Activities.SearchStepsWeb.IgnoreSelectorsWithIdx": "True",
  "UiPath.UIAutomationNext.Activities.SearchStepsJava.FullSelector": "True",
  "UiPath.UIAutomationNext.Activities.SearchStepsJava.FuzzySelector": "True",
  "UiPath.UIAutomationNext.Activities.SearchStepsJava.Image": "True",
  "UiPath.UIAutomationNext.Activities.SearchStepsJava.AutoAnchor": "True",
  "UiPath.UIAutomationNext.Activities.SearchStepsJava.Anchors": "True",
  "UiPath.UIAutomationNext.Activities.SearchStepsJava.IgnoreSelectorsWithIdx": "True",
  "UiPath.UIAutomationNext.Activities.SearchStepsSAP.FullSelector": "True",
  "UiPath.UIAutomationNext.Activities.SearchStepsSAP.FuzzySelector": "False",
  "UiPath.UIAutomationNext.Activities.SearchStepsSAP.Image": "False",
  "UiPath.UIAutomationNext.Activities.SearchStepsSAP.AutoAnchor": "False",
  "UiPath.UIAutomationNext.Activities.SearchStepsSAP.Anchors": "False",
  "UiPath.UIAutomationNext.Activities.SearchStepsSAP.IgnoreSelectorsWithIdx": "True",
  "UiPath.UIAutomationNext.Activities.SearchStepsUIA.FullSelector": "True",
  "UiPath.UIAutomationNext.Activities.SearchStepsUIA.FuzzySelector": "True",
  "UiPath.UIAutomationNext.Activities.SearchStepsUIA.Image": "True",
  "UiPath.UIAutomationNext.Activities.SearchStepsUIA.AutoAnchor": "True",
  "UiPath.UIAutomationNext.Activities.SearchStepsUIA.Anchors": "True",
  "UiPath.UIAutomationNext.Activities.SearchStepsUIA.IgnoreSelectorsWithIdx": "True",
  "UiPath.UIAutomationNext.Activities.SearchStepsAA.FullSelector": "True",
  "UiPath.UIAutomationNext.Activities.SearchStepsAA.FuzzySelector": "True",
  "UiPath.UIAutomationNext.Activities.SearchStepsAA.Image": "True",
  "UiPath.UIAutomationNext.Activities.SearchStepsAA.AutoAnchor": "True",
  "UiPath.UIAutomationNext.Activities.SearchStepsAA.Anchors": "True",
  "UiPath.UIAutomationNext.Activities.SearchStepsAA.IgnoreSelectorsWithIdx": "True",
  "UiPath.UIAutomationNext.Activities.SearchStepsWnd.FullSelector": "True",
  "UiPath.UIAutomationNext.Activities.SearchStepsWnd.FuzzySelector": "True",
  "UiPath.UIAutomationNext.Activities.SearchStepsWnd.Image": "True",
  "UiPath.UIAutomationNext.Activities.SearchStepsWnd.AutoAnchor": "True",
  "UiPath.UIAutomationNext.Activities.SearchStepsWnd.Anchors": "True",
  "UiPath.UIAutomationNext.Activities.SearchStepsWnd.IgnoreSelectorsWithIdx": "True",
  "UiPath.UIAutomationNext.Activities.ApplicationCard.CloseMode": "Never",
  "UiPath.UIAutomationNext.Activities.ApplicationCard.OpenMode": "IfNotOpen",
  "UiPath.UIAutomationNext.Activities.CheckState.CheckStateTimeout": "5",
  "UiPath.UIAutomationNext.Activities.DataScrape.DelayBetweenPages": "1.5",
  "UiPath.UIAutomationNext.Activities.Highlight.HighlightTime": "2",
  "UiPath.UIAutomationNext.Activities.Hover.HoverTime": "1",
  "UiPath.UIAutomationNext.Activities.KeyboardEvents.ClickBeforeMode": "Single",
  "UiPath.UIAutomationNext.Activities.KeyboardEvents.DelayBetweenKeys": "0.02",
  "UiPath.UIAutomationNext.Activities.KeyboardEvents.DelayBetweenShortcuts": "0.5",
  "UiPath.UIAutomationNext.Activities.KeyboardEvents.EmptyFieldMode": "SingleLine",
  "UiPath.UIAutomationNext.Activities.Logging.SearchLog": "False",
  "UiPath.UIAutomationNext.Activities.Logging.SearchPerformanceLog": "False"
}