Supplier code,Supplier,Item,Unit,QTY,COST/Unit
RU567434,"SAN MIGUEL FOODS, INC",CHICKEN WINGS,KG,564,120
RU567434,"SAN MIGUEL FOODS, INC",LBF-BUTTERFLY CUT BREAST FILLET,KG,548,185
RU567434,"SAN MIGUEL FOODS, INC",BOX CHIPBOARD COVER 8 1/8 X 5,PC,460,2.92
RU567434,"SAN MIGUEL FOODS, INC",PUTO MIX,CASE,665,792
RU567434,"SAN MIGUEL FOODS, INC",BUTTERFLY CUT BREAST FILLED,PC,587,185
RU567434,"SAN MIGUEL FOODS, INC",FRUIT BANANA LACATAN,KG,405,49.4
RU567434,"SAN MIGUEL FOODS, INC",VEG POTATO REGULAR(GF),KG,634,59.35
